site,setup_url,priority,type,anchor,label,target_url,description,status,notes
Google Business Profile - claim/update,https://support.google.com/business/answer/2911778?hl=en,P1,citation/profile,Shark Branding Solutions,Google Business Profile,https://sharkbrandingsolutions.com/,"Shark Branding Solutions helps local businesses improve AI visibility, local search clarity, trust signals, and conversion readiness so they get found and chosen more often.",Todo,"Use exact business name, phone, and website consistently."
Google Business Profile - website,https://support.google.com/business/answer/2911778?hl=en,P1,profile link,Website,Primary website,https://sharkbrandingsolutions.com/,"AI visibility consulting for local businesses in Tampa Bay.",Todo,"Main site URL."
Google Business Profile - Facebook social link,https://support.google.com/business/answer/13580646?hl=en,P1,social/entity link,Facebook,Social profile,https://www.facebook.com/,Todo,"Add final Facebook Page URL after page is created."
Google Business Profile - Instagram social link,https://support.google.com/business/answer/13580646?hl=en,P1,social/entity link,Instagram,Social profile,https://www.instagram.com/,Todo,"Add final Instagram URL after profile is created."
Google Business Profile - LinkedIn social link,https://support.google.com/business/answer/13580646?hl=en,P1,social/entity link,LinkedIn,Social profile,https://www.linkedin.com/,Todo,"Add final LinkedIn company page URL."
Google Business Profile - YouTube social link,https://support.google.com/business/answer/13580646?hl=en,P1,social/entity link,YouTube,Social profile,https://www.youtube.com/,Todo,"Add final YouTube channel URL."
Google Business Profile - TikTok social link,https://support.google.com/business/answer/13580646?hl=en,P1,social/entity link,TikTok,Social profile,https://www.tiktok.com/,Todo,"Add final TikTok URL."
Google Business Profile - Pinterest social link,https://support.google.com/business/answer/13580646?hl=en,P1,social/entity link,Pinterest,Social profile,https://www.pinterest.com/,Todo,"Add final Pinterest URL."
Apple Business Connect - claim,https://businessconnect.apple.com/,P1,citation/profile,Shark Branding Solutions,Apple Business Connect,https://sharkbrandingsolutions.com/,"Shark Branding Solutions helps local businesses improve AI visibility, local search clarity, trust signals, and conversion readiness so they get found and chosen more often.",Todo,"Mirror GBP exactly."
Apple Business Connect - action link,https://businessconnect.apple.com/promote/assets/custom-action-links.pdf,P1,action link,Book,Free Visibility Report,https://sharkbrandingsolutions.com/free-report,"AI visibility consulting for local businesses in Tampa Bay.",Todo,"Use /free-report as CTA when allowed."
Bing Places - claim,https://www.bingplaces.com/Home,P1,citation/profile,Shark Branding Solutions,Bing Places,https://sharkbrandingsolutions.com/,"Shark Branding Solutions helps local businesses improve AI visibility, local search clarity, trust signals, and conversion readiness so they get found and chosen more often.",Todo,"Keep NAP identical to GBP."
LinkedIn Company Page - create,https://www.linkedin.com/help/linkedin/answer/a543852,P1,profile link,Shark Branding Solutions,LinkedIn Company Page,https://sharkbrandingsolutions.com/,"Shark Branding Solutions helps local businesses improve AI visibility, local search clarity, trust signals, and conversion readiness so they get found and chosen more often.",Todo,"Tagline: AI visibility consulting for local businesses."
LinkedIn Company Page - website field,https://www.linkedin.com/help/linkedin/answer/a543852,P1,profile link,Website,Company website,https://sharkbrandingsolutions.com/,"AI visibility consulting for local businesses in Tampa Bay.",Todo,"Add homepage in website field."
LinkedIn Founder Profile - brand reinforcement,https://www.linkedin.com/help/linkedin/answer/a543852,P1,entity/supporting link,Founder at Shark Branding Solutions,Michelle Stanaland profile,https://sharkbrandingsolutions.com/,Todo,"Strengthen company-to-founder entity connection."
Facebook Page - create,https://www.facebook.com/help/104002523024878,P1,profile link,Shark Branding Solutions,Facebook Page,https://sharkbrandingsolutions.com/,"Shark Branding Solutions helps local businesses improve AI visibility, local search clarity, trust signals, and conversion readiness so they get found and chosen more often.",Todo,"Claim vanity URL if available."
Facebook Page - connect Instagram,https://www.facebook.com/help/135275340210354,P1,entity tie-in,Connected Instagram,Instagram connection,https://www.instagram.com/,Todo,"Connect final IG business profile."
Instagram - professional account,https://www.facebook.com/help/instagram/138925576505882,P1,profile link,@sharkbrandingsolutions,Instagram professional account,https://sharkbrandingsolutions.com/,"AI visibility consulting for local businesses in Tampa Bay.",Todo,"Use branded handle if available."
YouTube - brand channel,https://support.google.com/youtube/answer/1646861?hl=en,P1,profile/content link,Shark Branding Solutions,YouTube channel,https://sharkbrandingsolutions.com/ai-resources,"Shark Branding Solutions helps local businesses improve AI visibility, local search clarity, trust signals, and conversion readiness so they get found and chosen more often.",Todo,"Point channel links to /ai-resources and homepage."
Pinterest - business account,https://help.pinterest.com/en/business/article/get-a-business-account,P2,profile link,Shark Branding Solutions,Pinterest business account,https://sharkbrandingsolutions.com/ai-resources,"AI visibility consulting for local businesses in Tampa Bay.",Todo,"Best if repurposing resources/workshop visuals."
TikTok - account creation,https://support.tiktok.com/en/getting-started/creating-an-account?lang=en,P2,profile link,@sharkbrandingsolutions,TikTok account,https://sharkbrandingsolutions.com/,"AI visibility consulting for local businesses in Tampa Bay.",Todo,"Create branded handle first."
TikTok - business account setup,https://support.tiktok.com/en/en/business-and-creator/tiktok-for-business,P2,profile/entity,Business Account,TikTok business account,https://sharkbrandingsolutions.com/,"Shark Branding Solutions helps local businesses improve AI visibility, local search clarity, trust signals, and conversion readiness so they get found and chosen more often.",Todo,"Switch to business account after creation."
Yelp - claim page,https://biz.yelp.com/support-center/Yelp_Business_Page/Getting_Started/How-do-I-claim-a-business-page/en-US?irgwc=1,P2,citation/profile,Shark Branding Solutions,Yelp Business Page,https://sharkbrandingsolutions.com/,"Shark Branding Solutions helps local businesses improve AI visibility, local search clarity, trust signals, and conversion readiness so they get found and chosen more often.",Todo,"Complete all business info and services."
Yelp - optimize free page,https://business.yelp.com/products/business-page/,P2,profile link,Website,Yelp website link,https://sharkbrandingsolutions.com/,"AI visibility consulting for local businesses in Tampa Bay.",Todo,"Upload photos and complete categories."
BBB - free listing / claim,https://www.bbb.org/get-listed,P2,trust profile,Shark Branding Solutions,BBB Business Profile,https://sharkbrandingsolutions.com/,"Shark Branding Solutions helps local businesses improve AI visibility, local search clarity, trust signals, and conversion readiness so they get found and chosen more often.",Todo,"Strong trust/entity source."
BBB - enhanced profile options,https://www.bbb.org/business,P2,trust/entity,Website,BBB profile CTA,https://sharkbrandingsolutions.com/free-report,"AI visibility consulting for local businesses in Tampa Bay.",Todo,"Use /free-report if profile supports CTA."
Nextdoor - Business Page,https://business.nextdoor.com/en-us/getting-started/business-page?hsLang=en,P2,local profile,Shark Branding Solutions,Nextdoor Business Page,https://sharkbrandingsolutions.com/,"Shark Branding Solutions helps local businesses improve AI visibility, local search clarity, trust signals, and conversion readiness so they get found and chosen more often.",Todo,"Good local trust source."
Foursquare - business listings,https://foursquare.com/products/business-listings/,P2,citation/profile,Shark Branding Solutions,Foursquare listing,https://sharkbrandingsolutions.com/,"Shark Branding Solutions helps local businesses improve AI visibility, local search clarity, trust signals, and conversion readiness so they get found and chosen more often.",Todo,"Keep hours and URL current."
Foursquare - claim page,https://business.foursquare.com/claim/?new_search=true,P2,citation/profile,Claim my business,Foursquare claim,https://sharkbrandingsolutions.com/,"AI visibility consulting for local businesses in Tampa Bay.",Todo,"Claim existing listing if present."
Alignable - company/network profile,https://www.alignable.com/?ln=en,P3,profile/network,Shark Branding Solutions,Alignable profile,https://sharkbrandingsolutions.com/,"Shark Branding Solutions helps local businesses improve AI visibility, local search clarity, trust signals, and conversion readiness so they get found and chosen more often.",Todo,"Useful for networking and entity consistency."
Medium - publication or profile,https://help.medium.com/hc/en-us/articles/115004681607-Getting-started-with-a-Medium-publication,P3,content/profile link,Shark Branding Solutions,Medium publication,https://sharkbrandingsolutions.com/ai-resources,"Shark Branding Solutions helps local businesses improve AI visibility, local search clarity, trust signals, and conversion readiness so they get found and chosen more often.",Todo,"Republish shortened resources with attribution."
